LocalityID,GENERATION,FISHGROUP,RegionName,GrossWeightPrDay,MortalityByInputCount,EconomicFCR,InputCount,HarvestSuperiorGrossBiomass_KGRatio,EndWeightGross,TemperatureBackfill3m
14000,SF15,15.00.009,Finnmark,0.010707,0.101109,1.073487,128700.97,0.910195,6.5449577,7.21372
14000,SF15,15.00.007,Finnmark,0.009572,0.164196,1.062862,126647.97,0.920361,6.0662608,7.250172
14000,SF15,15.00.008,Finnmark,0.009738,0.121698,1.138227,126156.96,0.907595,6.2492994,7.280764
14000,SF19,19.01.002,Finnmark,0.009743,0.273298,1.270831,95681.95,0.884036,7.7510198,6.1
14000,SF19,19.01.001,Finnmark,0.008992,0.333153,1.333567,101597.97,0.856937,6.9169649,5.75365
14000,SF19,19.01.003,Finnmark,0.008818,0.302229,1.44519,114251.98,0.849641,7.1276726,6.305776
14000,SF19,19.01.004,Finnmark,0.006298,0.201582,1.311417,119481.99,0.65455,4.8991595,5.601362
14000,SF19,19.01.005,Finnmark,0.008561,0.170494,1.300569,99999.98,0.896774,6.7483883,6.184104
14000,SF19,19.01.006,Finnmark,0.009918,0.192619,1.425247,96889.97,0.886933,7.7469016,6.256125
14000,SF19,19.01.007,Finnmark,0.008631,0.296995,1.462258,106924.97,0.815888,6.6918829,6.369702
14000,SF19,19.01.008,Finnmark,0.009675,0.198312,1.369648,110628.99,0.807947,7.2153667,6.279416
14001,SF19,19.01.006,Finnmark,0.008767,0.254335,1.413771,102784.98,0.827634,6.7794617,5.668083
14001,SF19,19.01.008,Finnmark,0.007379,0.289695,1.34172,127003.98,0.700877,5.6538224,5.759806
14001,SF19,19.01.007,Finnmark,0.007422,0.360051,1.408307,139527.98,0.465301,5.7232488,5.572995
14001,SF19,19.01.005,Finnmark,0.008707,0.319351,1.443247,99804.98,0.702744,6.6628627,5.586449
14001,SF19,19.01.002,Finnmark,0.009701,0.400694,1.380671,94866.98,0.709984,7.5856957,5.57129
14001,SF19,19.01.001,Finnmark,0.008697,0.328486,1.222264,94867.98,0.700383,5.2275384,5.918024
14001,SF19,19.01.004,Finnmark,0.006589,0.358522,1.585145,141050.99,0.350997,4.5683521,5.414
14001,SF19,19.01.003,Finnmark,0.006893,0.26138,1.503649,140999.97,0.312081,4.2274009,5.758987
14001,SS17,17.00.001,Finnmark,0.007941,0.089569,1.1177,148888.96,0.947692,5.315877,7.15384
14001,SS17,17.00.010,Finnmark,0.006739,0.116252,1.309757,119975.97,0.904619,4.048155,6.888149
14001,SS17,17.00.002,Finnmark,0.008234,0.099053,1.123002,156336.98,0.92442,5.7715955,7.245136
14001,SS17,17.00.009,Finnmark,0.010116,0.101958,1.056551,136032.98,0.846143,6.1662414,7.434438
14001,SS17,17.00.003,Finnmark,0.009428,0.112826,1.166406,138399.97,0.860461,6.071239,7.431921
14001,SS17,17.00.006,Finnmark,0.009715,0.110947,1.10262,136216.97,0.900681,6.0945918,7.440705
14002,SF17,17.01.003,Finnmark,0.008519,0.130962,1.228276,112310.96,0.962048,7.1300499,6.433285
14002,SF17,17.01.002,Finnmark,0.009416,0.107335,1.217749,125255.96,0.929955,7.2252469,6.206594
14002,SF17,17.01.005,Finnmark,0.008132,0.169426,1.190519,119282.97,0.962157,6.8862126,6.459279
14002,SF17,17.01.004,Finnmark,0.007714,0.150622,1.132648,112174.97,0.971844,6.5058528,6.396528
14002,SF17,17.01.006,Finnmark,0.007579,0.142188,1.202441,119426.97,0.945737,6.5602217,6.498291
14002,SF17,17.01.007,Finnmark,0.009188,0.099772,1.150852,88385.97,0.934858,5.7167253,6.901327
14002,SF17,17.01.001,Finnmark,0.009287,0.109297,1.161462,116069.96,0.842882,6.3651763,6.609887
14003,SF17,17.01.003,Finnmark,0.01023,0.14494,1.182242,162091.96,0.926755,7.4826783,6.524593
14003,SF17,17.01.001,Finnmark,0.010727,0.07618,1.263246,166604.95,0.935818,6.3897207,7.287175
14003,SF17,17.01.004,Finnmark,0.008818,0.205475,1.212503,195789.95,0.851153,6.8459489,6.716375
14003,SF17,17.01.002,Finnmark,0.010357,0.170258,1.135017,154431.96,0.882965,7.9225272,6.755694
14003,SF17,17.01.005,Finnmark,0.009154,0.140252,1.190181,166572.97,0.925285,6.0887954,6.183134
14003,SF17,17.01.006,Finnmark,0.010864,0.093019,1.155624,98999.96,0.944584,6.4921182,6.297718
14003,SF17,17.01.007,Finnmark,0.010648,0.124808,1.221269,135254.96,0.941481,7.0043999,6.214698
14003,SF19,19.01.001,Finnmark,0.007881,0.206314,1.296654,192256.96,0.501234,5.2330924,6.278179
14003,SF19,19.01.005,Finnmark,0.008925,0.19301,1.310273,195020.93,0.837903,6.3176232,6.263756
14003,SF19,19.01.002,Finnmark,0.008172,0.194293,1.649518,193013.98,0.292989,5.1215429,6.447911
14003,SF19,19.01.011,Finnmark,0.009186,0.253959,1.230609,199949.23,0.87517,6.1574524,6.271387
14003,SF19,19.01.003,Finnmark,0.006165,0.43175,1.516535,188816.96,0.519691,3.8754544,6.624244
14003,SF19,19.01.016,Finnmark,0.00675,0.326034,1.465217,218113.73,0.660044,4.542024,6.249088
14003,SF19,19.01.004,Finnmark,0.007794,0.306053,1.460579,195591.98,0.304724,4.8122663,6.447051
14003,SF19,19.01.015,Finnmark,0.009097,0.197185,1.26934,155507.92,0.897859,6.1592802,6.309603
14101,SS17,17.00.006,Finnmark,0.010127,0.387681,1.199272,184416.95,0.955885,5.7985414,7.172276
14101,SS17,17.00.019,Finnmark,0.007195,0.082792,1.046856,177972.97,0.919437,4.3269426,7.309811
14101,SS17,17.00.018,Finnmark,0.010054,0.119232,1.136152,105611.98,0.915051,5.6178599,7.325686
14101,SS17,17.00.021,Finnmark,0.011559,0.076173,1.03018,86719.91,0.903741,6.4476671,7.44516
14101,SS17,17.00.017,Finnmark,0.008302,0.100751,1.093498,172985.98,0.947736,5.0026467,7.349197
14101,SS17,17.00.015,Finnmark,0.010849,0.073872,1.046994,111012.03,0.931575,6.2088919,7.465957
14101,SS17,17.00.016,Finnmark,0.010152,0.08468,1.099306,143603.98,0.924131,5.6774201,7.401211
14101,SS17,17.00.013,Finnmark,0.008603,0.074235,1.051388,139083.97,0.955561,5.4081332,7.49829
14101,SS17,17.00.014,Finnmark,0.008876,0.079031,1.165686,139292.98,0.960271,5.6781249,7.483696
14101,SS17,17.00.011,Finnmark,0.007853,0.078627,1.117877,134286.97,0.951891,5.0323477,7.501891
14101,SS17,17.00.012,Finnmark,0.007921,0.073958,1.097908,135566.98,0.94539,4.9557931,7.497235
14101,SS17,17.00.007,Finnmark,0.010068,0.083087,1.056366,156822.96,0.933692,5.7793688,7.273803
14101,SS17,17.00.008,Finnmark,0.009875,0.105054,1.169426,157313.95,0.949259,5.5355317,7.122962
14101,SS17,17.00.005,Finnmark,0.009591,0.087525,1.07144,144500.95,0.922208,5.8494155,7.312542
14101,SS17,17.00.003,Finnmark,0.009607,0.136799,1.070774,131660.99,0.939108,6.1112138,7.310412
14101,SS17,17.00.004,Finnmark,0.010201,0.094349,1.105778,132325.96,0.946018,6.1880094,7.223116
14101,SS17,17.00.001,Finnmark,0.00921,0.122053,1.091688,146931.97,0.96352,5.5522032,6.749401
14101,SS17,17.00.002,Finnmark,0.009745,0.116835,1.154589,131951.97,0.93716,5.7416556,6.68651
14101,SS19,19.01.024,Finnmark,0.009642,0.246964,1.371524,145457.96,0.817816,6.5426556,7.089645
14101,SS19,19.01.021,Finnmark,0.009503,0.1906,1.286393,147320.96,0.865529,6.1596219,7.014491
14101,SS19,19.01.027,Finnmark,0.009125,0.118447,1.232935,169144.96,0.898161,6.0905277,6.911522
14101,SS19,19.01.025,Finnmark,0.008322,0.261027,1.4228,168460.96,0.8593,5.9269998,6.982772
14101,SS19,19.01.026,Finnmark,0.010037,0.167073,1.141279,149810.98,0.91011,6.4726545,7.045686
14101,SS19,19.01.028,Finnmark,0.008832,0.224153,1.24201,170078.97,0.893002,6.1643342,6.975827
14101,SS19,19.01.029,Finnmark,0.008671,0.181619,1.238573,169163.96,0.872178,5.7227639,6.842004
14101,SS19,19.01.002,Finnmark,0.008132,0.116875,1.247512,168583.97,0.950395,5.5095976,6.836532
14101,SS19,19.01.004,Finnmark,0.009209,0.100395,1.171589,172545.96,0.890738,6.1266662,6.878832
14102,SS17,17.01.001,Finnmark,0.008987,0.151248,1.166646,136927.96,0.859626,6.6611262,6.550997
14102,SS17,17.01.002,Finnmark,0.009287,0.143466,1.142895,136342.96,0.862972,6.9964377,6.472715
14102,SS17,17.01.003,Finnmark,0.010123,0.116253,1.077942,110177.97,0.91676,6.6872133,6.757389
14102,SS17,17.01.004,Finnmark,0.010162,0.112378,1.028099,111633.98,0.913485,6.6336392,6.760794
14102,SS17,17.01.006,Finnmark,0.009936,0.133476,1.354081,111929.97,0.842819,7.5050635,6.377356
14102,SS17,17.01.005,Finnmark,0.010459,0.207268,1.184081,113020.96,0.826198,7.8020846,6.400666
14102,SS17,17.01.009,Finnmark,0.010267,0.115446,1.110903,142001.96,0.944968,6.5212254,6.758794
14102,SS17,17.01.023,Finnmark,0.003857,0.491839,1.586659,187556.93,0.683676,3.2810961,6.068424
14102,SS17,17.01.010,Finnmark,0.010021,0.115869,1.090611,136210.96,0.910187,6.4595952,6.76167
14102,SS17,17.01.011,Finnmark,0.010781,0.144617,1.113693,112921.98,0.872665,7.5174238,6.593646
14102,SS17,17.01.012,Finnmark,0.010121,0.135536,1.114625,111641.95,0.847447,7.5677479,6.356348
14102,SS17,17.01.022,Finnmark,0.006208,0.471644,1.466553,187287.01,0.767969,4.6041288,6.080709
14102,SS17,17.01.013,Finnmark,0.009976,0.129346,1.172984,110825.96,0.900546,7.1952758,6.514333
14102,SS19,19.01.016,Finnmark,0.00591,0.540003,2.341644,94510.36,0.335279,3.9869497,6.346258
14102,SS19,19.01.014,Finnmark,0.005551,0.194936,1.252113,141737.97,0.798694,4.0358364,6.137588
14102,SS19,19.01.011,Finnmark,0.006574,0.183326,1.207779,130428.98,0.800721,4.659766,6.125979
14102,SS19,19.01.012,Finnmark,0.006231,0.18313,1.278142,128999.97,0.718816,4.447658,6.143145
14102,SS19,19.01.013,Finnmark,0.006375,0.156585,1.241149,130292.98,0.790979,4.5716125,6.11633
14102,SS19,19.01.009,Finnmark,0.006998,0.140618,1.153965,130219.98,0.702022,5.003852,6.184883
14102,SS19,19.01.010,Finnmark,0.006413,0.150937,1.23712,130139.96,0.735438,4.6632154,6.193252
14102,SS19,19.01.006,Finnmark,0.006431,0.182039,1.318898,196849.97,0.864481,4.7072456,6.235241
14102,SS19,19.01.008,Finnmark,0.006461,0.174541,1.305176,131910.99,0.705736,4.7095791,6.180454
14102,SS19,19.01.005,Finnmark,0.007759,0.121506,1.237715,109100.98,0.913866,5.4029996,6.258546
14102,SS19,19.01.007,Finnmark,0.007955,0.114723,1.273313,108896.97,0.911639,5.4554378,6.280137
14102,SS19,19.01.004,Finnmark,0.006685,0.351424,1.605052,95931.59,0.614215,4.3610128,6.346258
14102,SS19,19.01.003,Finnmark,0.007917,0.142726,1.465218,85242.97,0.588305,5.5803136,6.347941
14102,SS19,19.01.001,Finnmark,0.007456,0.307673,1.767371,148999.98,0.506858,5.6200182,6.388756
14102,SS19,19.01.002,Finnmark,0.008401,0.115096,1.361983,103536.98,0.949824,6.1644435,6.390149
14103,SF17,17.01.014,Finnmark,0.008505,0.106209,1.195991,115336.23,0.849892,5.3958689,6.199806
14103,SF17,17.01.030,Finnmark,0.01084,0.126269,1.204021,72501.94,0.863154,8.1077624,6.571914
14103,SF17,17.01.017,Finnmark,0.008638,0.110158,1.210117,134723.97,0.855376,4.6583353,6.756268
14103,SF17,17.01.002,Finnmark,0.00848,0.101476,1.206939,121130.93,0.75135,5.6177807,6.163896
14103,SF17,17.01.027,Finnmark,0.008103,0.093861,1.098453,120933.12,0.925304,5.1835552,6.220638
14103,SF17,17.01.006,Finnmark,0.011166,0.090908,1.166633,92377.98,0.916067,5.503408,6.83921
14103,SF17,17.01.005,Finnmark,0.009008,0.101698,1.196247,120135.5,0.895591,5.4702023,6.308214
14103,SF17,17.01.009,Finnmark,0.008524,0.097357,1.221782,120946.04,0.891432,5.1502954,6.339453
14103,SF17,17.01.026,Finnmark,0.011292,0.117055,1.256751,80310.34,0.850799,8.3313134,6.545444
14103,SF17,17.01.001,Finnmark,0.008313,0.102855,1.158774,153968.94,0.892275,5.4443312,6.174789
14103,SF17,17.01.011,Finnmark,0.01048,0.134846,1.217506,121321.63,0.879534,7.7133583,6.502136
14103,SF17,17.01.010,Finnmark,0.008448,0.089926,1.171821,114586.95,0.948197,4.7627864,6.573255
14103,SF17,17.01.018,Finnmark,0.009005,0.151383,1.191301,111887.98,0.915885,6.502574,6.470702
14103,SF17,17.01.031,Finnmark,0.010931,0.134514,1.173504,65268.65,0.849474,8.0044004,6.516368
14103,SF17,17.01.025,Finnmark,0.01053,0.133961,1.20625,88140.37,0.827544,7.7840509,6.528195
14103,SS19,19.01.008,Finnmark,0.010085,0.115083,1.1528,112625.18,0.867656,6.9131759,7.015337
14103,SS19,19.01.004,Finnmark,0.009232,0.164956,1.135293,129422.99,0.953384,5.5534012,6.727388
14103,SS19,19.01.007,Finnmark,0.009698,0.149612,1.19217,110183.27,0.877237,7.0564857,6.953916
14103,SS19,19.01.005,Finnmark,0.010301,0.147342,1.224386,133873.96,0.835707,7.2653845,6.958467
14103,SS19,19.01.006,Finnmark,0.009683,0.112252,1.179609,159738.45,0.856187,7.1857385,6.910671
14103,SS19,19.01.002,Finnmark,0.009921,0.135205,1.216981,138309.98,0.823134,6.8190115,7.028255
14103,SS19,19.01.003,Finnmark,0.0116,0.166451,1.188892,138817.96,0.858673,7.6203114,7.025592
14103,SS19,19.01.001,Finnmark,0.00886,0.138248,1.152122,149483.96,0.920227,6.1922891,6.956194
14105,SF19,19.01.002,Finnmark,0.005216,0.24691,1.380662,194037.98,0.726067,4.1857475,5.250028
14105,SF19,19.01.005,Finnmark,0.004947,0.36629,1.325451,146999.99,0.895173,3.8445548,5.280442
14105,SF19,19.01.003,Finnmark,0.005237,0.172307,1.221234,194711.99,0.789213,4.2514586,5.327452
14105,SF19,19.01.004,Finnmark,0.005345,0.307807,1.315712,149999.99,0.877494,4.1250159,5.322458
14105,SF19,19.01.001,Finnmark,0.006849,0.315881,1.484312,190923.99,0.853521,5.1360116,5.204993
14105,SF19,19.01.006,Finnmark,0.006064,0.349059,1.207698,195796.98,0.897093,4.3785116,5.266105
14105,SF19,19.01.007,Finnmark,0.005828,0.618084,1.332358,195797.98,0.849403,4.2172089,5.240616
14200,SF18,18.01.006,Finnmark,0.009907,0.088864,1.124886,83500.6,0.87289,5.4581319,6.570514
14200,SF18,18.01.016,Finnmark,0.007269,0.104263,1.201547,148068.97,0.891428,5.5396301,5.887378
14200,SF18,18.01.015,Finnmark,0.00921,0.155948,1.221455,94716.67,0.841904,6.805284,5.906331
14200,SF18,18.01.011,Finnmark,0.01049,0.080851,1.078342,84146.37,0.982236,5.2565093,6.569558
14200,SF18,18.01.005,Finnmark,0.009616,0.095556,1.078128,104670.98,0.980237,4.8740023,6.55979
14200,SF18,18.01.003,Finnmark,0.008551,0.178086,1.251336,154823.97,0.582327,5.6003913,6.278684
14200,SF18,18.01.002,Finnmark,0.008146,0.19974,1.240992,100504.73,0.785427,5.7789297,5.95666
14200,SF18,18.01.001,Finnmark,0.00787,0.216052,1.384108,100525.54,0.555059,5.5101485,6.024206
14201,SF18,18.01.004,Finnmark,0.010583,0.096316,1.125921,105159.97,0.980808,5.3375042,6.499593
14201,SF18,18.01.005,Finnmark,0.007631,0.229636,1.24166,140156.97,0.891847,5.539735,5.565296
14201,SF18,18.01.001,Finnmark,0.008561,0.141572,1.190005,107416.98,0.636139,5.3132277,6.076792
14201,SF18,18.02.006,Finnmark,0.007728,0.212844,1.338924,99039.99,0.437056,4.7180938,5.799301
14201,SF18,18.02.001,Finnmark,0.009305,0.130191,1.213952,92855.58,0.75618,5.1404237,6.640409
14201,SF18,18.01.006,Finnmark,0.00769,0.085819,1.102269,107402.98,0.841584,4.3150297,6.461579
14201,SF18,18.02.007,Finnmark,0.007636,0.22326,1.263816,136601.98,0.439729,5.0660514,6.107359
14201,SF18,18.02.004,Finnmark,0.010393,0.093577,1.191199,93167.38,0.965248,5.2428078,6.671551
14201,SS16,16.01.004,Finnmark,0.008713,0.146639,1.115266,88003.07,0.907241,6.51834,6.133095
14201,SS16,16.01.002,Finnmark,0.009467,0.127115,1.171982,94053.71,0.73218,7.3900598,6.506414
14201,SS16,16.01.003,Finnmark,0.009493,0.161475,1.258713,84269.48,0.613857,7.524195,6.541398
14201,SS16,16.01.001,Finnmark,0.008035,0.100777,1.09565,114878.62,0.912641,5.8852603,6.118141
14201,SS16,16.00.003,Finnmark,0.008474,0.194443,1.21974,127596.95,0.87359,6.1409482,6.707186
14201,SS16,16.00.004,Finnmark,0.008086,0.230895,1.350971,96367.23,0.723448,5.9833778,6.370535
14201,SS16,16.00.002,Finnmark,0.007826,0.108368,1.290226,83999.86,0.957933,5.2962747,7.655567
14201,SS16,16.00.001,Finnmark,0.011899,0.115081,1.165245,99052.21,0.823891,7.094264,8.01793
14202,SF18,18.01.014,Finnmark,0.008212,0.200822,1.24441,76679.38,0.474365,5.2994508,6.403117
14202,SF18,18.01.007,Finnmark,0.006321,0.226682,1.257981,114610.29,0.600412,4.324318,6.060307
14202,SF18,18.01.015,Finnmark,0.009546,0.08373,1.061502,73003.59,0.94473,5.1304967,6.824939
14202,SF18,18.01.005,Finnmark,0.007019,0.209871,1.215027,137122.97,0.450024,4.4001709,6.580845
14202,SF18,18.01.006,Finnmark,0.007025,0.227103,1.315429,116994.17,0.521667,4.5373903,6.245344
14202,SF18,18.01.013,Finnmark,0.0063,0.217556,1.322132,113453.47,0.629054,4.3515504,6.057789
14202,SF18,18.01.011,Finnmark,0.009518,0.100425,1.048241,96438.98,0.908338,5.3010845,6.804907
14202,SF18,18.01.010,Finnmark,0.010035,0.087892,1.045177,94970.98,0.981363,5.0858957,6.871319
14204,SF16,16.00.001,Finnmark,0.009111,0.253032,1.207337,183634.95,0.661466,5.6927481,6.853868
14204,SF16,16.00.002,Finnmark,0.010716,0.24028,1.351055,128660.96,0.652122,6.7609662,6.631222
14204,SF16,16.00.008,Finnmark,0.008728,0.138408,1.134904,113592.98,0.796008,5.5607693,6.279636
14204,SF16,16.00.004,Finnmark,0.008942,0.210004,1.329756,112908.98,0.778413,5.2548468,6.526487
14204,SF16,16.00.003,Finnmark,0.007713,0.156095,1.22213,117420.98,0.662333,5.0052848,6.291989
14204,SF16,16.00.009,Finnmark,0.008912,0.280836,1.453111,95431.98,0.323218,4.740751,6.9344
14204,SF16,16.00.007,Finnmark,0.008401,0.134264,1.269947,116937.99,0.745421,5.2761246,6.312941
14204,SF18,18.01.001,Finnmark,0.010773,0.14085,1.210945,123169.96,0.540184,7.3908517,5.484255
14204,SF18,18.01.006,Finnmark,0.008175,0.148257,1.165875,113942.98,0.667719,4.3405707,5.640372
14204,SF18,18.01.004,Finnmark,0.008175,0.187755,1.347501,126711.99,0.610701,4.3894,5.682962
14204,SF18,18.01.002,Finnmark,0.011,0.182637,1.326097,106744.97,0.499203,7.0164139,5.654077
14204,SF18,18.01.005,Finnmark,0.008085,0.159468,1.114818,127812.97,0.619954,4.3460822,5.731453
14204,SF18,18.01.003,Finnmark,0.010416,0.205224,1.380404,106630.98,0.489323,7.0420579,5.53188
14205,SF20,19.01.003,Finnmark,0.01216,0.069931,1.183083,102855.98,0.973475,6.7978273,7.745652
14205,SF20,19.01.002,Finnmark,0.011309,0.081385,1.172885,106056.99,0.975601,6.3047544,7.742793
14205,SF20,19.01.001,Finnmark,0.011932,0.072855,1.25493,102518.99,0.958489,6.5617748,7.740089
14205,SS16,16.00.004,Finnmark,0.008053,0.101553,1.123307,137999.96,0.949864,5.3141722,7.848273
14205,SS16,16.00.005,Finnmark,0.008698,0.088193,1.180688,143657.97,0.92901,6.3239305,7.404834
14205,SS16,16.00.013,Finnmark,0.008777,0.114382,1.173085,76593.1,0.896931,6.406982,7.371907
14205,SS16,16.00.006,Finnmark,0.008135,0.101172,1.260508,133505.96,0.949648,5.4141554,7.821011
14205,SS16,16.00.008,Finnmark,0.007267,0.131876,1.1781,141274.98,0.907786,5.7356015,7.144579
14205,SS16,16.00.014,Finnmark,0.010712,0.08995,1.200886,98607.73,0.915038,6.3885857,8.073988
14205,SS16,16.00.016,Finnmark,0.008686,0.172217,1.136483,96102.73,0.903025,6.095319,6.686169
14205,SS16,16.00.012,Finnmark,0.007794,0.118231,1.17474,140839.97,0.907148,5.9026871,6.663584
14205,SS16,16.00.017,Finnmark,0.008737,0.17239,1.208339,98308.49,0.862275,6.4145655,6.650441
14205,SS16,16.00.018,Finnmark,0.008321,0.165902,1.141984,98639.46,0.901664,6.0850551,6.650447
14206,SF16,16.00.011,Finnmark,0.008852,0.103752,1.058401,115958.53,0.89792,6.4367851,6.496795
14206,SF16,16.00.012,Finnmark,0.008894,0.092197,1.044078,116092.78,0.9244,6.3377348,6.37231
14206,SF16,16.00.007,Finnmark,0.008769,0.11473,1.117152,122125.96,0.867857,6.7907641,6.676632
14206,SF16,16.00.008,Finnmark,0.008626,0.088974,1.097483,123232.97,0.960667,5.8091889,6.365934
14206,SF16,16.00.013,Finnmark,0.009498,0.118202,1.124425,100645.64,0.832088,7.2207683,6.649682
14206,SF16,16.00.014,Finnmark,0.00867,0.105541,1.134724,100300.55,0.903793,6.3382592,6.362473
14206,SF16,16.00.015,Finnmark,0.008604,0.090738,1.034555,95942.43,0.997061,5.065526,6.941418
14206,SF16,16.00.016,Finnmark,0.009982,0.114773,1.187456,95400.01,0.891209,7.3150411,6.418101
14206,SF16,16.00.017,Finnmark,0.008758,0.108114,1.083896,102504.67,0.906273,6.4502011,6.396321
14206,SF16,16.00.018,Finnmark,0.008937,0.139341,1.140657,104747.21,0.922885,5.6843405,6.729092
14206,SF18,18.01.009,Finnmark,0.00868,0.214594,1.271555,105801.98,0.481378,5.8574685,6.04495
14206,SF18,18.01.010,Finnmark,0.00987,0.16061,1.245286,86305.97,0.688512,6.2863652,5.855492
14206,SF18,18.01.007,Finnmark,0.008009,0.28738,1.26449,148830.99,0.89346,5.7743899,6.004833
14206,SF18,18.01.005,Finnmark,0.010058,0.236237,1.291745,86801.99,0.551527,6.7450932,6.0598
14206,SF18,18.01.008,Finnmark,0.00739,0.161239,1.212772,149161.97,0.774208,5.3380749,6.000295
14206,SF18,18.01.006,Finnmark,0.010405,0.174622,1.205431,86134.97,0.683016,7.0340586,6.033929
14206,SF18,18.01.003,Finnmark,0.009741,0.115163,1.095476,81253.99,0.882382,4.9462058,6.794743
14206,SF18,18.01.004,Finnmark,0.009512,0.104602,1.087663,82768.99,0.903885,4.913868,6.794696
14206,SF18,18.01.001,Finnmark,0.008669,0.22431,1.38284,122124.97,0.480688,5.3772762,6.487743
14206,SF18,18.01.002,Finnmark,0.008461,0.19289,1.218693,125060.97,0.504191,5.2232106,6.519486
14206,SF20,20.01.001,Finnmark,0.010903,0.079524,1.19057,99289.97,0.9239,5.5393795,7.041432
14400,SS18,18.01.001,Finnmark,0.006801,0.073755,1.234328,156601.96,0.944541,4.4208622,5.975598
14400,SS18,18.02.005,Finnmark,0.006765,0.175539,1.271515,179154.64,0.739761,4.3884741,5.975767
14400,SS18,18.01.003,Finnmark,0.007215,0.173143,1.340304,194802.97,0.869105,4.8287702,6.07575
14400,SS18,18.01.006,Finnmark,0.005571,0.134642,1.455455,196902.97,0.542196,4.206329,5.729536
14400,SS18,18.01.007,Finnmark,0.005158,0.191967,1.506143,166953.98,0.417798,4.193714,5.423805
14400,SS18,18.01.008,Finnmark,0.005819,0.30245,1.646343,124901.98,0.214534,4.5365048,5.324052
14400,SS18,18.0A.003,Finnmark,0.007069,0.119847,1.154595,178996.3,0.862328,4.5846812,5.896549
14400,SS18,18.01.009,Finnmark,0.006818,0.214563,1.41469,124033.96,0.455475,4.7390292,5.615531
14400,SS18,18.01.005,Finnmark,0.005999,0.094546,1.278673,145878.98,0.876845,4.2613359,6.008696
14400,SS18,18.01.004,Finnmark,0.006938,0.068387,1.160962,148772.98,0.985776,4.5834069,6.118125
14400,SS18,18.01.002,Finnmark,0.006427,0.074798,1.208572,174934.95,0.977587,4.1610517,5.926881
14400,SS18,18.02.001,Finnmark,0.00694,0.192632,1.057209,198539.97,0.972461,4.4918164,6.144101
14400,SS18,18.01.012,Finnmark,0.004473,0.240477,1.690939,180018.97,0.377242,3.6693407,5.339584
14400,SS18,18.01.011,Finnmark,0.00467,0.169915,1.50255,198506.97,0.534129,3.781541,5.364711
14400,SS18,18.0A.001,Finnmark,0.006895,0.129694,1.269223,196474.86,0.850278,4.9614406,5.99372
14400,SS18,18.0A.002,Finnmark,0.00571,0.233233,1.326625,218365.87,0.388782,4.5926715,5.436379
14401,SS16,16.00.002,Finnmark,0.00916,0.205527,1.23901,132056.98,0.722766,6.5343958,6.419198
14401,SS16,16.00.011,Finnmark,0.00396,0.37102,1.158718,192248.97,0.377965,3.0222366,5.899165
14401,SS16,16.00.009,Finnmark,0.009377,0.187275,1.261739,129510.99,0.513364,6.1298426,6.512652
14401,SS16,16.00.012,Finnmark,0.003973,0.298815,1.458672,121845.99,0.351804,3.0259397,5.864347
14401,SS16,16.00.013,Finnmark,0.002467,0.371367,2.938784,122238.99,0.340914,2.2804363,5.875524
14401,SS18,18.01.001,Finnmark,0.006645,0.150591,1.052653,198976.96,0.972183,4.5860562,6.181196
14401,SS18,18.0A.001,Finnmark,0.005161,0.187629,1.538872,216374.16,0.755181,4.2305344,5.503645
14402,SS16,16.00.004,Finnmark,0.009605,0.097685,1.393022,138936.97,0.848291,6.7901513,6.882199
14402,SS16,16.00.007,Finnmark,0.009674,0.096871,1.268182,139488.96,0.865543,6.9702036,6.920351
14402,SS16,16.00.010,Finnmark,0.010304,0.24871,1.283886,139087.97,0.802767,7.2064404,6.921485
14402,SS16,16.00.001,Finnmark,0.012383,0.407908,1.272938,127951.98,0.704814,8.3478804,6.918237
14402,SS16,16.00.013,Finnmark,0.008838,0.190967,1.354833,132264.97,0.633269,5.7988336,7.034257
14402,SS16,16.00.018,Finnmark,0.007158,0.24478,1.405449,123046.97,0.37639,4.8444847,6.875361
14402,SS16,16.00.015,Finnmark,0.00694,0.229943,1.447446,132413.96,0.317627,4.6297115,6.906792
14402,SS16,16.00.014,Finnmark,0.006701,0.292286,1.446796,130521.97,0.358912,4.7528938,6.796544
14402,SS18,18.01.013,Finnmark,0.007725,0.131966,1.297219,131052.98,0.699968,5.4278886,6.560179
14402,SS18,18.01.012,Finnmark,0.007595,0.115642,1.308728,141544.96,0.806452,5.2999662,6.582169
14402,SS18,18.01.010,Finnmark,0.00994,0.109749,1.261475,74163.98,0.875566,6.5776973,6.609361
14402,SS18,18.01.011,Finnmark,0.009959,0.104009,1.45473,74319.98,0.91793,6.4385792,6.630507
14402,SS18,18.01.006,Finnmark,0.009579,0.095524,1.174075,116826.97,0.961042,6.4929701,6.554429
14402,SS18,18.01.002,Finnmark,0.009463,0.088953,1.189967,116111.94,0.98592,6.2232156,6.55641
14402,SS18,18.01.009,Finnmark,0.009031,0.103191,1.200505,120315.98,0.937405,6.2871405,6.544344
14402,SS18,18.01.004,Finnmark,0.009172,0.09236,1.31604,116135.98,0.964947,6.2674815,6.55814
14402,SS18,18.01.005,Finnmark,0.00895,0.080973,1.230817,115969.96,0.968085,5.987605,6.561697
14402,SS20,20.01.001,Finnmark,0.009126,0.2826,1.419046,190963.97,0.718151,5.7219334,5.976353
14402,SS20,20.01.012,Finnmark,0.008399,0.094369,1.269176,107678.16,0.994392,5.6296089,6.284009
14402,SS20,20.01.006,Finnmark,0.007303,0.114178,1.231324,133218.56,1.000616,4.8706907,6.212347
14402,SS20,20.01.010,Finnmark,0.008201,0.097051,1.159936,133647.23,0.993681,5.6538197,6.314217
14402,SS20,20.01.004,Finnmark,0.006535,0.074766,1.222783,65634.32,0.987235,4.6063784,6.427129
14402,SS20,20.01.007,Finnmark,0.008095,0.117529,1.243923,134564.85,0.996487,5.3802534,6.25103
14402,SS20,20.01.011,Finnmark,0.008364,0.09512,1.229153,137547.94,0.986659,5.4602847,6.401895
14402,SS20,20.01.002,Finnmark,0.008206,0.122018,1.170213,98890.98,0.997287,5.3430954,6.424684
14402,SS20,20.01.009,Finnmark,0.008377,0.110241,1.389748,124106.13,0.99743,5.7152528,6.310134
14403,SS16,16.00.002,Finnmark,0.00872,0.193366,1.186285,128450.98,0.768055,6.1792391,6.481815
14403,SS16,16.00.004,Finnmark,0.0086,0.186792,1.208662,135402.97,0.797759,6.0448764,6.493913
14403,SS16,16.00.003,Finnmark,0.009,0.192273,1.162924,132516.97,0.816047,6.3845745,6.496848
14403,SS16,16.00.001,Finnmark,0.009824,0.135475,1.058623,62128.99,0.783881,6.0790356,6.410657
14404,SF17,17.01.001,Finnmark,0.005571,0.403957,1.40749,147384.96,0.52093,4.8681058,5.276111
14404,SF17,17.01.002,Finnmark,0.005401,0.318075,1.385231,145853.97,0.436973,4.6456844,5.170494
14404,SF17,17.01.003,Finnmark,0.005326,0.368788,1.732147,120760.97,0.472057,4.6280048,5.194261
14404,SF17,17.01.004,Finnmark,0.006369,0.239795,1.373976,122853.97,0.511568,5.3396222,5.219598
14404,SF17,17.01.005,Finnmark,0.007439,0.275845,1.403909,117301.96,0.542444,5.9600348,5.141782
14404,SF17,17.01.006,Finnmark,0.008212,0.236324,1.346036,113611.97,0.546993,6.3416512,5.127984
14404,SF17,17.01.007,Finnmark,0.0073,0.343963,1.329401,197595.95,0.551381,5.6926519,5.017707
14404,SS20,20.01.002,Finnmark,0.007846,0.144976,1.305522,192657.95,0.92687,5.3637096,6.31027
14404,SS20,20.01.008,Finnmark,0.007659,0.089322,1.194174,195223.97,1.005901,5.3734383,6.449709
14404,SS20,20.01.003,Finnmark,0.008336,0.163378,1.265766,193207.97,0.938702,5.60344,6.348061
14404,SS20,20.01.001,Finnmark,0.008864,0.34267,1.28426,199296.98,0.498543,5.569422,6.104515
14404,SS20,20.01.004,Finnmark,0.008331,0.100271,1.199218,192649.98,1.007847,5.5404291,6.36998
14404,SS20,20.01.005,Finnmark,0.008286,0.099844,1.197527,192461.98,1.005202,5.5480526,6.40409
14404,SS20,20.01.007,Finnmark,0.008179,0.099695,1.260921,121907.98,1.007625,5.4574934,6.448307
14405,SS19,19.01.002,Finnmark,0.008795,0.230742,1.410079,115773.97,0.489067,5.7593654,6.361084
14405,SS19,19.01.003,Finnmark,0.009327,0.157788,1.213304,121034.97,0.671876,6.0628373,6.359965
14405,SS19,19.01.007,Finnmark,0.006986,0.285886,1.545311,139236.98,0.446491,4.5783406,6.216211
14405,SS19,19.01.001,Finnmark,0.008316,0.193532,1.246405,189743.96,0.79794,5.5027843,6.365615
14405,SS19,19.01.004,Finnmark,0.009734,0.164365,1.281142,118125.98,0.9277,6.2304211,6.305982
14405,SS19,19.01.005,Finnmark,0.006993,0.547134,2.274325,139303.97,0.356625,4.3370492,6.173857
14405,SS19,19.01.006,Finnmark,0.007084,0.289501,1.491689,139023.99,0.407449,4.5262499,6.208149
24000,SF17,17.01.003,Rogaland,0.010183,0.093455,1.314046,40951.76,0.765781,5.0123654,10.600761
24000,SF17,17.01.005,Rogaland,0.010349,0.162056,1.179195,52568.52,0.470554,7.0659302,9.676779
24000,SF17,17.01.001,Rogaland,0.011059,0.105761,1.189882,150430.95,0.66036,6.7282414,10.121648
24000,SF17,17.01.004,Rogaland,0.010889,0.179485,1.297182,110016.19,0.410548,7.700982,9.627223
24000,SF17,17.01.002,Rogaland,0.011041,0.08368,1.304346,41427.48,0.780713,5.3672371,10.620393
24000,SF17,17.01.006,Rogaland,0.009183,0.163032,1.304292,60205.97,0.47373,6.6043577,9.631571
24000,SF19,19.01.002,Rogaland,0.008957,0.276785,1.532367,198994.97,0.835876,5.0301514,11.671652
24000,SF19,19.01.001,Rogaland,0.009475,0.169287,1.356729,198994.94,0.811282,6.4423738,10.87563
24000,SF19,19.01.003,Rogaland,0.011498,0.23471,1.345224,197076.96,0.772028,7.5994599,10.612136
24000,SS16,16.00.003,Rogaland,0.006639,0.194619,1.356292,153999.98,0.837179,3.828335,10.636033
24000,SS16,16.00.002,Rogaland,0.0063,0.181712,1.308878,158999.97,0.843399,3.6757697,10.615177
24000,SS16,16.00.001,Rogaland,0.006803,0.220518,1.394812,158999.98,0.894185,3.957993,10.673229
24001,SF18,18.01.001,Rogaland,0.011133,0.121349,1.161245,193436.97,0.905739,5.9397131,10.599677
24001,SF18,18.10.001,Rogaland,0.009868,0.133812,1.143701,189614.97,0.913266,5.9081129,9.521898
24001,SF18,18.07.001,Rogaland,0.011429,0.087397,1.320073,51384.95,0.904781,5.6044234,10.323473
24001,SF18,18.0A.001,Rogaland,0.012175,0.135252,1.152579,129299.82,0.888267,7.077588,9.770712
24001,SF18,18.07.002,Rogaland,0.012337,0.120905,1.046798,80430.62,0.889614,7.0701514,9.833218
24001,SF18,18.05.001,Rogaland,0.011351,0.138257,1.187021,150781.97,0.933289,6.7742205,9.709976
24001,SF18,18.03.001,Rogaland,0.011201,0.146888,1.246347,147923.96,0.925212,6.7872247,9.662555
24001,SF18,18.09.002,Rogaland,0.012197,0.201105,1.145437,72965.64,0.883253,7.3104491,9.616656
24001,SF18,18.02.001,Rogaland,0.010542,0.189735,1.230812,164869.97,0.918992,5.3981114,10.585898
24001,SF18,18.06.001,Rogaland,0.011169,0.153771,1.225782,148519.97,0.888559,6.9851184,9.524369
24001,SF18,18.08.001,Rogaland,0.011648,0.08659,1.322956,36209.53,0.927851,5.6663677,10.326542
24001,SF18,18.04.001,Rogaland,0.01192,0.198421,1.263679,149806.97,0.867311,7.4715779,9.483313
24001,SF18,18.09.001,Rogaland,0.01118,0.09032,1.311053,84697.32,0.956224,5.3059128,10.325739
24001,SF20,20.08.001,Rogaland,0.011355,0.138691,1.443454,166129.96,0.796544,6.058075,11.03672
24001,SF20,20.04.001,Rogaland,0.006733,0.191901,1.302127,188630.99,0.02,3.7211821,10.698102
24001,SF20,20.01.001,Rogaland,0.012694,0.151562,1.309143,105042.97,0.890832,5.3980312,9.630109
24001,SF20,20.11.001,Rogaland,0.003737,0.092801,1.30804,198967.99,0.157351,2.4981351,10.627569
24001,SF20,20.02.001,Rogaland,0.005733,0.340975,1.44354,183812.99,0.071396,3.6143173,11.210521
24001,SF20,20.07.001,Rogaland,0.011433,0.087613,1.310434,191639.94,0.82573,6.3187998,11.330826
24001,SF20,20.09.001,Rogaland,0.010902,0.164838,1.486955,162890.96,0.762999,6.1841312,11.409376
24001,SF20,20.06.001,Rogaland,0.00566,0.143152,1.366346,189506.07,0.067439,3.3664404,10.698102
24001,SF20,20.06.003,Rogaland,0.009027,0.076938,1.248178,8313.9,0.178674,3.6706502,9.067736
24001,SF20,20.05.001,Rogaland,0.012428,0.156383,1.441786,111225.97,0.946129,5.928464,10.530203
24002,SS16,16.01.007,Rogaland,0.01089,0.415216,1.792924,156848.97,0.867932,6.8870136,11.212391
24002,SS16,16.01.008,Rogaland,0.006501,0.427669,2.679045,148627.99,0.647947,4.440447,11.298898
24002,SS16,16.01.009,Rogaland,0.006332,0.282122,1.615871,144129.97,0.67288,4.3849982,11.265467
24002,SS16,16.01.004,Rogaland,0.010196,0.259182,1.403504,148538.97,0.847888,7.0687901,11.276295
24002,SS16,16.01.005,Rogaland,0.009385,0.194118,1.542761,159256.98,0.829806,6.6590102,11.270663
24002,SS16,16.01.006,Rogaland,0.010648,0.32717,1.597444,163302.96,0.892645,7.2520262,11.289293
24002,SS18,18.01.001,Rogaland,0.015343,0.256335,1.160075,138999.95,0.908784,7.0565154,10.210506
24002,SS18,18.01.002,Rogaland,0.014946,0.210271,1.264517,138999.97,0.875316,6.9605409,10.201457
24002,SS18,18.02.001,Rogaland,0.011664,0.216966,1.491802,192834.98,0.798688,5.5790034,10.295846
24002,SS18,18.02.002,Rogaland,0.011155,0.216736,1.448052,194283.98,0.888172,5.2863144,10.388581
24002,SS18,17.01.002,Rogaland,0.010667,0.084228,1.323392,158779.98,0.779952,5.6192055,10.272851
24002,SS18,17.01.001,Rogaland,0.012022,0.089394,1.22811,159580.98,0.833876,6.4440103,10.231731
24002,SS19,19.01.001,Rogaland,0.007729,0.860327,1.998858,179494.98,0.808144,4.7788663,11.924935
24002,SS19,19.10.002,Rogaland,0.013877,0.177199,1.312,102077.35,0.871357,6.9183916,11.050626
24002,SS19,19.07.001,Rogaland,0.011473,0.21233,1.33148,170957.95,0.906976,7.1092712,12.028854
24002,SS19,19.0A.001,Rogaland,0.011083,0.29838,1.5194,177633,0.671136,4.3882254,11.517153
24002,SS19,19.10.001,Rogaland,0.014632,0.16696,1.371947,81790.15,0.880923,7.6696666,11.140301
24002,SS19,19.09.001,Rogaland,0.012865,0.210404,1.279346,143415.97,0.855512,7.4246839,11.506392
24002,SS19,19.0B.001,Rogaland,0.010328,0.684044,2.851999,178685.99,0.723497,4.1597519,11.517153
24002,SS19,19.06.001,Rogaland,0.010902,0.635746,3.06609,162551.98,0.727353,6.7774966,12.030436
24002,SS19,19.08.001,Rogaland,0.011905,0.689542,2.566505,172251.99,0.928485,6.133162,11.39787
24002,SS21,21.02.007,Rogaland,0.010846,0.29966,1.778007,189626.98,0.860689,4.4784695,11.983182
24002,SS21,21.03.003,Rogaland,0.010956,0.219299,1.561205,60554.75,0.89783,4.3193498,12.210706
24003,SF17,17.01.001,Rogaland,0.008884,0.347478,1.442367,138999.98,0.483805,6.5173742,10.227776
24003,SF17,17.03.005,Rogaland,0.010384,0.164388,1.338273,92420.37,0.606533,7.8246252,9.738231
24003,SF17,17.02.003,Rogaland,0.009175,0.299897,1.418349,138036.17,0.609996,7.3418766,10.025594
24003,SF17,17.03.002,Rogaland,0.00988,0.159882,1.366018,80932.55,0.81583,6.1524166,10.294974
24003,SF17,17.01.002,Rogaland,0.01085,0.097411,1.316172,34664.6,0.884609,5.4728295,10.239071
24003,SF17,17.03.003,Rogaland,0.009199,0.198556,1.377686,115642.4,0.597243,6.9826456,9.698652
24003,SF17,17.01.004,Rogaland,0.012042,0.145077,1.339522,39320.87,0.889333,5.9399992,10.240119
24003,SF17,17.03.006,Rogaland,0.010202,0.166051,1.373243,60670.17,0.552968,7.533612,9.670136
24003,SF17,17.01.007,Rogaland,0.01326,0.280869,1.272736,110679.08,0.753207,9.1548558,9.406999
24003,SF17,17.02.001,Rogaland,0.010382,0.23991,1.411966,57928.79,0.82716,6.5764363,10.59905
24003,SF17,17.03.001,Rogaland,0.011263,0.117474,1.347237,43192.41,0.796953,6.7603074,10.343499
24003,SF17,17.04.001,Rogaland,0.012,0.48801,1.649044,143201.98,0.716224,7.878568,9.253903
24003,SF17,17.01.003,Rogaland,0.011683,0.207863,1.194548,144599.95,0.884135,6.2556034,10.027901
24003,SF17,17.01.009,Rogaland,0.011985,0.179686,1.202963,115535.36,0.748753,8.1114248,9.29897
24003,SF19,19.01.002,Rogaland,0.009703,0.067972,1.268021,-663.94,0.02,3.8386146,9.278461
24003,SF19,19.06.001,Rogaland,0.010023,0.27195,1.554716,198931.96,0.744279,6.7879454,10.393951
24003,SF19,19.01.001,Rogaland,0.011599,0.145097,1.257456,197047.86,0.742178,7.7536147,9.791212
24003,SF19,19.03.002,Rogaland,0.012,0.079443,1.335535,96.32,0.02,5.0090449,9.524546
24003,SF19,19.04.001,Rogaland,0.012812,0.096153,1.11564,124795.99,0.936736,5.1315284,9.201301
24003,SF19,19.05.002,Rogaland,0.009885,0.217049,1.375155,198158.37,0.804795,7.0553245,10.202984
24003,SF19,19.02.001,Rogaland,0.011364,0.151716,1.230516,197639.94,0.659944,7.2181544,9.935516
24003,SF19,19.05.001,Rogaland,0.010488,0.072881,1.240095,-233.43,0.38917,4.4068471,10.055451
24003,SF19,19.07.001,Rogaland,0.011005,0.195978,1.460806,198384.95,0.78458,6.1627024,11.342146
24003,SF19,19.08.002,Rogaland,0.011829,0.202044,1.365539,134630.44,0.730437,8.4409693,10.236641
24003,SF19,19.03.001,Rogaland,0.01426,0.102384,1.267989,144533.63,0.793693,7.7921262,10.919837
24003,SF19,19.08.001,Rogaland,0.011415,0.114443,1.338621,3579.49,0.102928,5.088446,10.273951
24004,SF18,18.05.001,Rogaland,0.010251,0.18036,1.197622,198921.97,0.946579,5.7179198,10.411769
24004,SF18,18.01.003,Rogaland,0.012856,0.16125,1.232719,114063.98,0.76854,6.9330083,11.009973
24004,SF18,18.01.002,Rogaland,0.012989,0.173439,1.236867,188686.93,0.893504,7.1081172,11.010716
24004,SF18,18.01.001,Rogaland,0.012622,0.12557,1.19318,189470.93,0.899733,6.131434,10.664452
24004,SF18,18.02.001,Rogaland,0.008984,0.135419,1.175213,197994.97,0.882876,5.4557116,10.554934
24004,SF18,18.06.001,Rogaland,0.009973,0.14252,1.223945,198479.97,0.953502,5.6797288,10.369298
24004,SF20,20.01.001,Rogaland,0.01131,0.243394,1.5341,185685.95,0.835206,5.7438998,10.597905
24004,SF20,20.02.001,Rogaland,0.010899,0.145358,1.327928,182862.96,0.936829,5.1863514,9.896813
24005,SF17,17.01.015,Rogaland,0.009764,0.14419,1.342262,150925.93,0.78795,6.5586014,10.534921
24005,SF17,17.01.014,Rogaland,0.009864,0.290182,1.466119,154597.98,0.799105,6.3744872,10.807923
24005,SF17,17.01.016,Rogaland,0.009261,0.40042,1.474627,193397.96,0.673514,6.6080018,10.286567
24005,SF17,17.01.013,Rogaland,0.008177,0.176273,1.432667,178102.97,0.768874,5.1447796,10.957603
24005,SF17,17.01.001,Rogaland,0.009439,0.258749,1.444816,149634.97,0.622239,6.7992977,10.162992
24005,SF17,17.01.018,Rogaland,0.008552,0.289868,1.49091,142511.97,0.628319,6.059459,10.416186
24005,SF17,17.01.019,Rogaland,0.010708,0.178638,1.362397,154901.94,0.763883,6.6497807,10.794682
24005,SF17,17.01.020,Rogaland,0.009092,0.203769,1.444362,157015.98,0.709337,5.3541812,10.983432
24006,SF16,16.00.002,Rogaland,0.009641,0.332684,1.487582,160108.97,0.670017,6.275916,9.665954
24006,SF16,16.00.001,Rogaland,0.008159,0.2173,1.322047,159620.95,0.40367,5.9570705,9.099149
24006,SF16,16.00.003,Rogaland,0.008595,0.287714,1.418384,159612.98,0.560893,6.0955048,9.166067
24006,SF16,16.00.004,Rogaland,0.009719,0.408116,1.622569,155208.99,0.733074,6.6244697,9.242418
24006,SF16,16.00.005,Rogaland,0.010402,0.342554,1.458589,156009.98,0.743507,6.8876484,9.356308
24006,SF16,16.00.006,Rogaland,0.009757,0.505016,1.745672,161070.99,0.563803,6.7879096,8.811749
24006,SF18,18.01.001,Rogaland,0.008847,0.132747,1.231801,198920.96,0.872466,5.2409301,9.543983
24006,SF18,18.01.002,Rogaland,0.008315,0.147057,1.261564,198983.96,0.845671,4.9316455,9.622371
24006,SF18,18.01.003,Rogaland,0.010054,0.141402,1.138533,171894.96,0.919726,5.5006877,9.770276
24006,SF18,18.01.004,Rogaland,0.009981,0.119722,1.012322,187115.96,0.936655,5.2015869,9.952234
24006,SF18,18.01.006,Rogaland,0.010417,0.152869,1.304892,186216.97,0.933729,5.6222079,9.844201
24006,SF18,18.01.005,Rogaland,0.009725,0.141209,1.25614,194768.94,0.91036,5.4441768,9.707138
24006,SS20,20.03.001,Rogaland,0.011794,0.366946,1.747175,198998.96,0.738459,6.5078432,10.168014
24006,SS20,20.02.001,Rogaland,0.012162,0.265211,1.54573,159065.99,0.888796,4.4239496,12.87924
24006,SS20,20.05.001,Rogaland,0.011245,0.409163,1.930002,197994.54,0.813739,6.1112836,10.158894
24006,SS20,20.05.003,Rogaland,0.007874,0.11318,1.305899,-407.57,0.02,3.392772,12.808535
24006,SS20,20.04.003,Rogaland,0.016056,0.252608,1.51926,70065.46,0.867971,8.7222398,10.231103
24006,SS20,20.04.001,Rogaland,0.015633,0.262613,1.544197,122432.47,0.83376,8.7283343,10.297047
24006,SS20,20.06.001,Rogaland,0.013244,0.369889,1.607599,169166.44,0.818972,7.5197326,10.249621
24006,SS20,20.06.003,Rogaland,0.011547,0.202842,1.535951,-41.5,0.203588,4.4735475,12.72196
24006,SS20,20.01.001,Rogaland,0.013713,0.336746,1.676739,169132.94,0.835093,7.5285755,10.16197
24007,SF17,17.03.004,Rogaland,0.011752,0.111479,1.374632,30788.3,0.816404,5.9757862,10.530961
24007,SF17,17.03.011,Rogaland,0.013331,0.144291,1.244461,80475.77,0.685734,8.8875699,9.520378
24007,SF17,17.03.002,Rogaland,0.012357,0.090568,1.329288,33681.9,0.812155,5.919632,10.610476
24007,SF17,17.03.003,Rogaland,0.012122,0.082905,1.329301,51893.2,0.929259,5.8068692,10.593066
24007,SF17,17.06.002,Rogaland,0.013028,0.172054,1.247654,110237.97,0.496043,8.5474182,9.78825
24007,SF17,17.03.001,Rogaland,0.012909,0.085234,1.330681,43453.05,0.925347,6.0962105,10.606467
24007,SF17,17.03.010,Rogaland,0.012882,0.18003,1.210714,124521.66,0.688887,8.4824521,9.506484
24007,SF17,17.01.001,Rogaland,0.012503,0.082387,1.18506,150817.95,0.925342,5.9164698,10.655994
24007,SF17,17.03.005,Rogaland,0.0122,0.114538,1.220276,117735.06,0.577369,7.4076743,9.740369
24007,SF17,17.03.009,Rogaland,0.013988,0.157152,1.209633,99796.93,0.690692,9.030653,9.530756
24007,SF17,17.06.001,Rogaland,0.011241,0.088443,1.326297,86266.99,0.785716,5.3476957,10.701489
24007,SF19,19.01.006,Rogaland,0.013831,0.148752,1.253765,124980.99,0.935463,6.2801933,11.164401
24007,SF19,19.01.007,Rogaland,0.013571,0.172415,1.297509,162499.97,0.954238,6.4778399,11.328666
24007,SF19,19.01.008,Rogaland,0.016966,0.117958,1.405094,41029.07,0.861009,6.3722242,10.403996
24007,SF19,19.03.001,Rogaland,0.013694,0.425239,1.5913,184899.96,0.816761,8.1500396,10.622172
24007,SF19,19.04.001,Rogaland,0.01349,0.292455,1.37838,133848.41,0.684574,8.4809148,10.374939
24007,SF19,19.02.001,Rogaland,0.012014,0.109644,1.267986,190902.95,0.788582,7.1050317,10.797669
24007,SF19,19.05.001,Rogaland,0.012724,0.175892,1.309414,191313.94,0.772201,7.883917,10.361452
24007,SF19,19.01.009,Rogaland,0.012839,0.309651,1.500955,116725.89,0.916004,6.2195865,11.363816
24007,SF19,19.01.001,Rogaland,0.013199,0.288688,1.369479,160867.98,0.946382,6.1121383,11.276985
24007,SF19,19.04.004,Rogaland,0.01204,0.157905,1.192181,58915.52,0.928787,7.0164117,10.912441
24007,SS16,16.03.001,Rogaland,0.00662,0.136135,1.198352,153326.98,0.798601,3.6110765,10.699583
24007,SS16,16.02.001,Rogaland,0.006171,0.130376,1.264728,153994.99,0.824481,3.415257,10.672744
24007,SS16,16.01.001,Rogaland,0.006066,0.169593,1.245608,157611.97,0.815135,3.4289148,10.774682
24007,SS16,16.04.003,Rogaland,0.00796,0.12242,1.334078,146636.95,0.925841,4.8383676,10.48869
24007,SS16,16.04.002,Rogaland,0.010308,0.146333,1.423615,162815.97,0.935229,6.1361475,10.508688
24007,SS16,16.04.001,Rogaland,0.012131,0.152836,1.218147,162696.96,0.884221,6.9014008,10.409457
24009,SS17,16.03.001,Rogaland,0.007769,0.490503,1.587061,149370.98,0.872466,5.8223377,8.959242
24009,SS17,16.03.002,Rogaland,0.007656,0.315859,1.483913,157455.97,0.812073,5.4812724,8.666133
24009,SS17,16.01.001,Rogaland,0.005614,0.395814,1.806982,98029.99,0.535587,4.5740789,9.088995
24009,SS17,16.02.001,Rogaland,0.00707,0.359072,1.646865,112157.99,0.673566,5.6148211,9.180803
24009,SS17,17.00.001,Rogaland,0.008238,0.270368,1.712307,141238.98,0.714594,4.800378,9.896554
24009,SS17,17.00.005,Rogaland,0.006517,0.325622,2.09147,153674.99,0.84565,4.2145054,9.946827
24009,SS17,17.00.004,Rogaland,0.007063,0.292615,1.875385,198867.98,0.793099,4.581718,9.793999
24009,SS17,16.00.001,Rogaland,0.01073,0.089576,1.109815,147345.96,0.821913,5.7567762,9.758739
24009,SS17,17.00.002,Rogaland,0.007991,0.260009,1.732819,134631.99,0.837796,4.8382735,10.154991
24009,SS17,17.00.003,Rogaland,0.007739,0.396981,2.273014,198897.98,0.759722,4.9017467,9.734869
24009,SS17,17.00.002,Rogaland,0.007207,0.199789,1.453624,174024.98,0.825233,4.1340252,9.658295
24009,SS17,17.00.004,Rogaland,0.005527,0.198217,1.630447,154918.98,0.716208,3.610644,9.618051
24009,SS17,17.00.003,Rogaland,0.007915,0.214182,1.542784,142169.98,0.757973,4.5251141,9.700484
24009,SS17,17.00.005,Rogaland,0.00548,0.217277,1.634969,155876.98,0.779183,3.5990814,9.646487
24009,SS17,17.00.001,Rogaland,0.007974,0.141378,1.433056,151474.98,0.855842,4.652669,9.667701
24009,SS17,16.00.001,Rogaland,0.009794,0.101579,1.162265,142485.98,0.867317,5.3373888,9.770613
24011,SF20,20.02.001,Rogaland,0.009558,0.20819,1.393941,198366.97,0.940705,4.3571625,9.972814
24011,SF20,20.03.001,Rogaland,0.010251,0.070097,1.086659,197484.99,0.978323,4.0707275,8.832265
24011,SF20,20.05.001,Rogaland,0.007436,0.282148,1.837574,159495.96,0.798981,3.9448005,10.535684
24011,SF20,20.07.001,Rogaland,0.00822,0.282652,1.586121,198833.92,0.660265,4.1299528,10.40442
24011,SS19,19.01.029,Rogaland,0.009454,0.324389,1.795998,193095.97,0.784835,5.6227424,10.338217
24011,SS19,19.01.028,Rogaland,0.013039,0.188277,1.321787,120262.95,0.637179,6.7510101,10.346072
24011,SS19,19.01.025,Rogaland,0.013761,0.207056,1.269167,117459.97,0.77864,7.3553706,10.519482
24011,SS19,19.01.030,Rogaland,0.012524,0.192332,1.33296,121276.97,0.725361,6.301577,10.392037
24011,SS19,19.01.036,Rogaland,0.009649,0.296957,1.607334,115553.81,0.935663,5.8773072,10.604438
24011,SS19,19.01.034,Rogaland,0.010615,0.414882,1.621562,148099.99,0.927535,6.1341796,10.617776
24011,SS19,19.01.037,Rogaland,0.009987,0.22877,1.595104,78807.17,0.923693,5.8961538,10.436692
24011,SS19,19.01.039,Rogaland,0.009372,0.298508,1.471269,91108.79,0.878283,5.6801681,10.491003
24011,SS19,19.01.031,Rogaland,0.00897,0.357432,1.809238,197049.98,0.881324,5.3046188,10.380286
24011,SS19,19.01.001,Rogaland,0.009981,0.241733,1.730825,102660.18,0.922811,6.0409362,10.58182
24011,SS19,19.01.022,Rogaland,0.012405,0.221528,1.326599,115067.97,0.685203,5.94105,10.462166
24012,SF16,16.00.017,Rogaland,0.011252,0.334106,1.948647,13102.93,0.930676,8.1319314,8.238886
24012,SF16,16.00.025,Rogaland,0.013371,0.205177,1.347883,34875.03,0.960352,9.620859,8.278751
24012,SF16,16.00.028,Rogaland,0.012669,0.191738,1.312594,6650.43,0.947359,9.2118876,8.298539
24012,SF16,16.00.030,Rogaland,0.014174,0.184661,1.196477,11333.24,0.958843,10.2462773,8.350837
24012,SF16,16.00.032,Rogaland,0.014081,0.158602,0.828164,4824.2,0.918854,10.3126133,8.454306
24012,SF16,16.00.003,Rogaland,0.013479,0.131347,1.250597,8758.08,0.931266,9.5092305,8.238886
24012,SF16,16.00.004,Rogaland,0.011436,0.312163,1.119052,74429.99,0.932642,7.3229841,8.252963
24012,SF18,18.01.005,Rogaland,0.014527,0.114445,1.114607,69616.98,0.856856,5.7205059,8.803501
24012,SF18,18.01.002,Rogaland,0.011281,0.128756,1.27465,79589.96,0.949322,6.2110135,10.148964
24012,SF18,18.01.001,Rogaland,0.012209,0.095712,1.063828,78320.98,0.962466,6.5771842,10.170365
24012,SF18,18.01.004,Rogaland,0.0126,0.116175,1.241437,79331.97,0.944412,6.8274539,10.148964
24012,SF18,18.01.003,Rogaland,0.01285,0.120656,1.18481,82332.99,0.952519,6.7123886,10.168986
24012,SF20,20.01.001,Rogaland,0.009117,0.165496,1.44032,80534.98,0.846155,5.1135648,10.643135
24012,SF20,20.02.001,Rogaland,0.008695,0.112944,1.401854,68933.98,0.946783,4.9349737,10.643135
24012,SF20,20.03.001,Rogaland,0.009105,0.102369,1.337215,33347.78,0.764873,5.0916784,10.643135
24012,SF20,20.04.001,Rogaland,0.00879,0.224901,1.518258,69490.99,0.955263,4.9788757,10.643135
24015,SF17,17.01.001,Rogaland,0.009595,0.096999,1.238116,51045.8,0.844207,4.7124647,9.745233
24015,SF17,17.01.010,Rogaland,0.015473,0.263784,1.360526,16631.61,0.688503,10.7312859,9.029338
24015,SF17,17.01.002,Rogaland,0.010694,0.189026,1.409427,42330.81,0.813225,8.0338364,9.099703
24015,SF17,17.01.013,Rogaland,0.014215,0.307009,1.457542,25854.17,0.729543,10.3936579,9.125777
24015,SF17,17.01.005,Rogaland,0.008877,0.16441,1.283858,76588.98,0.72343,6.3632695,9.056248
24015,SF19,19.01.017,Rogaland,0.02328,0.46623,2.198862,4355.11,0.824809,16.9506522,9.626208
24015,SF19,19.01.014,Rogaland,0.019282,0.247379,1.646996,1139.69,0.904839,13.8290589,9.496192
24015,SF19,19.01.016,Rogaland,0.017538,0.263622,1.648978,4176.76,0.959584,13.0830777,9.641155
24015,SF19,19.01.020,Rogaland,0.017756,0.264979,1.849008,12631.91,0.95246,13.4451671,9.698324
24015,SF19,19.01.003,Rogaland,0.020251,0.365078,1.59878,17507.22,0.782094,14.1305542,9.427202
24015,SF19,19.01.015,Rogaland,0.018351,0.392315,2.102808,7978.2,0.941602,13.4038016,9.55133
24015,SF19,19.01.013,Rogaland,0.017891,0.396772,1.806239,34953.81,0.749987,12.4610303,9.429008
24015,SF19,19.01.001,Rogaland,0.01812,0.166986,1.52367,17028.04,0.837032,9.1997802,10.220069
24101,SF16,16.00.002,Rogaland,0.006978,0.261026,1.778895,73999.98,0.642242,4.6678499,11.162615
24101,SF16,16.00.006,Rogaland,0.005379,0.291449,1.526428,74170.99,0.728434,3.7742262,9.72967
24101,SF16,16.00.010,Rogaland,0.005921,0.531372,2.29289,77352.99,0.435625,4.2583795,10.675044
24101,SF16,16.00.008,Rogaland,0.005725,0.516956,2.118543,77683.99,0.417415,4.1920335,10.585043
24101,SF16,16.00.001,Rogaland,0.007331,0.262018,1.553411,74799.98,0.633675,4.8633978,11.157507
24101,SF16,16.00.004,Rogaland,0.005961,0.574809,2.595853,77278,0.410889,4.327184,10.571623
24101,SF18,18.01.001,Rogaland,0.008874,0.530031,2.361079,128580.98,0.611653,5.3274222,11.826433
24101,SF18,18.01.002,Rogaland,0.009415,0.52938,1.873304,104264.98,0.617256,5.4736385,11.723674
24101,SF18,18.01.003,Rogaland,0.009627,0.428446,1.635777,129448.98,0.682254,5.6103373,11.774137
24104,SF16,16.00.001,Rogaland,0.006508,0.519769,2.442191,106309.99,0.362534,5.0459194,9.975963
24104,SF16,16.00.002,Rogaland,0.007684,0.452872,1.670114,119114.98,0.542751,5.6172,9.483851
24104,SF16,16.00.004,Rogaland,0.008352,0.420501,1.862504,136815.98,0.590055,5.7416117,9.182737
24104,SF16,16.00.003,Rogaland,0.00825,0.38398,1.686742,138483.97,0.62055,5.5772763,9.199558
24104,SF18,18.01.002,Rogaland,0.009918,0.323259,1.633888,82813.99,0.644032,5.7986134,11.899789
24104,SF18,18.01.004,Rogaland,0.009106,0.440918,1.562076,150775.98,0.699606,5.2305974,11.81881
24104,SF18,18.01.001,Rogaland,0.011318,0.259762,1.411906,76372.99,0.540554,6.2708287,11.813356
24104,SF18,18.01.003,Rogaland,0.008399,0.463131,1.382134,146492.99,0.749379,4.9575993,11.858269
24104,SS20,20.06.001,Rogaland,0.01152,0.221918,1.463498,123379.11,0.908402,6.5010475,10.771025
24104,SS20,20.02.001,Rogaland,0.010081,0.291956,1.600803,127766.98,0.948922,6.1568274,11.066971
24104,SS20,20.0A.002,Rogaland,0.0121,0.214907,1.394617,125195.74,0.923643,7.0758839,11.013578
24104,SS20,20.0A.001,Rogaland,0.011751,0.255792,1.616529,125011.05,0.901689,6.8284622,10.942067